grau,grau_G1,grau_JE,grau_TR,tribunal,classe_nome,sistema_nome,classe_codigo,numero_assuntos,numero_processo,data_ajuizamento,orgao_julgador_nome,numero_movimentacoes,assunto_principal_nome,dias_desde_ajuizamento,numero_assuntos_zscore,assunto_principal_codigo,teve_transito_em_julgado,numero_movimentacoes_zscore,dias_desde_ajuizamento_zscore,dias_desde_transito_em_julgado,dias_desde_ultima_movimentacao,tempo_medio_entre_movimentacoes,movimentos_apos_transito_em_julgado,dias_desde_transito_em_julgado_zscore,dias_desde_ultima_movimentacao_zscore,tempo_medio_entre_movimentacoes_zscore,movimentos_apos_transito_em_julgado_zscore
G1,1,0,0,TJRN,Cumprimento de sentença,PJe,156,1,08203443220248205001,2024-03-25,16ª VARA CÍVEL,145,Alienação Fiduciária,906,-0.4791819952955085,9582,1,1.9138733992728614,0.36709984704502063,379.0,18,6.166666666666667,47.0,0.2251549719147407,-0.5917861233294961,-0.21113285284928382,1.2310672822643767
JE,0,1,0,TJRN,Procedimento do Juizado Especial Cível,PJe,436,1,08015894220268205145,2026-07-13,2ª VARA,19,Abatimento proporcional do preço ,66,-0.4791819952955085,7769,0,-0.5563995807351343,-0.46529240442362546,,18,2.6666666666666665,,,-0.5917861233294961,-0.463975014484456,
JE,0,1,0,TJRN,Termo Circunstanciado,PJe,278,1,08255316020258205106,2025-10-28,"3º JUIZADO ESPECIAL CÍVEL, CRIMINAL E DA FAZENDA PÚBLICA",44,Posse de Drogas para Consumo Pessoal,324,-0.4791819952955085,5885,0,-0.06626605295577008,-0.20962907004396988,,21,7.046511627906977,,,1.2575455120751777,-0.14757230944819405,
JE,0,1,0,TJRN,Cumprimento de Sentença contra a Fazenda Pública,PJe,12078,2,08930117920258205001,2025-10-28,4º JUIZADO ESPECIAL DA FAZENDA PÚBLICA,42,Contribuições Previdenciárias,324,1.1180913223561864,6048,1,-0.10547673517811922,-0.20962907004396988,132.0,21,7.390243902439025,20.0,-0.5077331886046362,1.2575455120751777,-0.12274087764349194,-0.13052279619188578
G1,1,0,0,TJRN,Busca e Apreensão em Alienação Fiduciária,PJe,81,1,08871022220268205001,2026-08-31,18ª VARA CÍVEL,2,Alienação Fiduciária,17,-0.4791819952955085,9582,0,-0.8896903796251019,-0.5138486190926298,,17,0.0,,,-1.2082300017977208,-0.6566166614445871,
G1,1,0,0,TJRN,Liquidação de Sentença pelo Procedimento Comum,PJe,152,1,08131786520248205124,2024-08-15,3ª VARA CÍVEL,91,Valor da Execução / Cálculo / Atualização,763,-0.4791819952955085,9149,0,0.8551849792694346,0.22539497566404873,,20,8.255555555555556,,,0.641101633606953,-0.060230229397181055,
G1,1,0,0,TJRN,Procedimento Comum Cível,PJe,7,3,08707118920268205001,2026-08-04,18ª VARA CÍVEL,20,Abatimento proporcional do preço ,44,2.715364640007881,7769,0,-0.5367942396239597,-0.4870931538668519,,17,1.368421052631579,,,-1.2082300017977208,-0.5577610794518882,
G1,1,0,0,TJRN,Procedimento Comum Cível,PJe,7,1,08022736620268205112,2026-07-25,1ª VARA,30,Empréstimo consignado,54,-0.4791819952955085,11806,0,-0.34074082851221404,-0.477183722301749,,17,1.2413793103448276,,,-1.2082300017977208,-0.5669386533769398,
JE,0,1,0,TJRN,Procedimento do Juizado Especial da Fazenda Pública,PJe,14695,1,08872616220268205001,2026-08-31,4º JUIZADO ESPECIAL DA FAZENDA PÚBLICA,2,Piso Salarial,17,-0.4791819952955085,10312,0,-0.8896903796251019,-0.5138486190926298,,17,0.0,,,-1.2082300017977208,-0.6566166614445871,
G1,1,0,0,TJRN,Inquérito Policial,PJe,279,1,08047150920248205101,2024-08-21,1ª VARA,38,Crimes Previstos no Estatuto da criança e do adolescente,757,-0.4791819952955085,3637,0,-0.18389809962281747,0.21944931672498696,,19,19.91891891891892,,,0.02465775513872846,0.7823383433826087,
JE,0,1,0,TJRN,Cumprimento de Sentença contra a Fazenda Pública,PJe,12078,1,08021551120248205161,2024-08-30,1ª VARA,38,Defensores Dativos ou Ad Hoc,748,-0.4791819952955085,14841,0,-0.18389809962281747,0.21053082831639433,,20,19.675675675675677,,,0.641101633606953,0.7647663012612455,
G1,1,0,0,TJRN,Inválido,PJe,-1,1,08899207820258205001,2025-10-20,8ª VARA CÍVEL,96,Superendividamento,332,-0.4791819952955085,15048,0,0.9532116848253074,-0.20170152479188755,,20,3.2842105263157895,,,0.641101633606953,-0.4193632646621098,
G1,1,0,0,TJRN,Carta Precatória Cível,PJe,261,1,08869689220268205001,2026-08-31,23ª VARA CÍVEL,2,Atos executórios,17,-0.4791819952955085,11786,0,-0.8896903796251019,-0.5138486190926298,,17,0.0,,,-1.2082300017977208,-0.6566166614445871,
JE,0,1,0,TJRN,Procedimento do Juizado Especial Cível,PJe,436,1,08036709020268205103,2026-08-24,"JUIZADO ESPECIAL CÍVEL, CRIMINAL E DA FAZENDA PÚBLICA",10,Perdas e Danos,24,-0.4791819952955085,7698,0,-0.7328476507357053,-0.5069120169970578,,17,0.6666666666666666,,,-1.2082300017977208,-0.6084562497045544,
G1,1,0,0,TJRN,Execução Fiscal,PJe,1116,1,08154027320248205124,2024-09-16,2ª VARA DA FAZENDA PÚBLICA,27,ISS/ Imposto sobre Serviços,731,-0.4791819952955085,5951,0,-0.3995568518457377,0.19368479465571936,,19,27.384615384615383,,,0.02465775513872846,1.3216648669536826,
JE,0,1,0,TJRN,Inquérito Policial,PJe,279,1,08010215020268205137,2026-07-21,VARA ÚNICA,7,Ameaça ,58,-0.4791819952955085,3402,0,-0.7916636740692291,-0.47321994967570785,,17,6.666666666666667,,,-1.2082300017977208,-0.17501254404425923,
G1,1,0,0,TJRN,Ação Penal - Procedimento Ordinário,PJe,283,2,08007707220248205114,2024-05-25,1ª VARA,89,Ação Controlada,845,1.1180913223561864,14875,1,0.8159742970470855,0.30665231449789276,688.0,19,9.386363636363637,54.0,1.1420069622001152,0.02465775513872846,0.021460044758829056,1.5840721174197039
JE,0,1,0,TJRN,Procedimento do Juizado Especial Cível,PJe,436,1,08162266120268205124,2026-08-27,"4º JUIZADO ESPECIAL CÍVEL, CRIMINAL E DA FAZENDA PÚBLICA",2,Obrigação de Fazer / Não Fazer,21,-0.4791819952955085,10671,0,-0.8896903796251019,-0.5098848464665887,,21,0.0,,,1.2575455120751777,-0.6566166614445871,
G1,1,0,0,TJRN,Procedimento Comum Cível,PJe,7,3,08679022920268205001,2026-07-27,6ª VARA CÍVEL,9,Indenização por Dano Moral,52,2.715364640007881,10433,0,-0.75245299184688,-0.4791656086147696,,18,4.25,,,-0.5917861233294961,-0.3495940366018781,
JE,0,1,0,TJRN,Procedimento do Juizado Especial Cível,PJe,436,1,08031115320268205162,2026-07-22,"JUIZADO ESPECIAL CÍVEL, CRIMINAL E DA FAZENDA PÚBLICA",30,Fornecimento de Energia Elétrica,57,-0.4791819952955085,7760,0,-0.34074082851221404,-0.4742108928322181,,18,1.3448275862068966,,,-0.5917861233294961,-0.5594654860379692,
G1,1,0,0,TJRN,Usucapião,PJe,49,1,08238225320268205106,2026-08-26,4ª VARA CÍVEL,7,Usucapião Extraordinária,22,-0.4791819952955085,10458,0,-0.7916636740692291,-0.5088939033100783,,21,0.0,,,1.2575455120751777,-0.6566166614445871,
G1,1,0,0,TJRN,Procedimento Comum Cível,PJe,7,1,08042953320268205101,2026-07-29,1ª VARA,19,Análise de Crédito,50,-0.4791819952955085,12042,0,-0.5563995807351343,-0.4811474949277902,,18,1.7777777777777777,,,-0.5917861233294961,-0.5281888968044997,
JE,0,1,0,TJRN,Procedimento do Juizado Especial Cível,PJe,436,1,08203703520268205106,2026-07-29,"4º JUIZADO ESPECIAL CÍVEL, CRIMINAL E DA FAZENDA PÚBLICA",18,Adimplemento e Extinção,50,-0.4791819952955085,7690,0,-0.5760049218463088,-0.4811474949277902,,18,1.8823529411764706,,,-0.5917861233294961,-0.5206343224139063,
G1,1,0,0,TJRN,Procedimento Comum Cível,PJe,7,1,08007341420218205121,2021-03-24,3ª VARA,252,Padronizado,2003,-0.4791819952955085,12494,0,4.01164489816854,1.454164489736812,,17,7.912350597609562,,,-1.2082300017977208,-0.08502356752603066,
TR,0,0,1,TJRN,Recurso Inominado Cível,PJe,460,1,08211062420248205106,2025-07-08,TURMA RECURSAL DE UNIFORMIZAÇÃO DE JURISPRUDÊNCIA DOS JUIZADOS ESPECIAIS,48,Sistema Remuneratório e Benefícios,436,-0.4791819952955085,10288,0,0.012155311488928181,-0.09864343651481708,,17,8.914893617021276,,,-1.2082300017977208,-0.012599240623084908,
G1,1,0,0,TJRN,Inquérito Policial,PJe,279,1,08204300820268205106,2026-07-30,GABINETE 1 - 2º NÚCLEO REGIONAL DAS GARANTIAS,11,Adulteração de Sinal Identificador de Veículo Automotor,50,-0.4791819952955085,3546,0,-0.7132423096245308,-0.4811474949277902,,18,3.1,,,-0.5917861233294961,-0.43267074685343465,
JE,0,1,0,TJRN,Procedimento do Juizado Especial Cível,PJe,436,2,08197537520268205106,2026-07-23,"4º JUIZADO ESPECIAL CÍVEL, CRIMINAL E DA FAZENDA PÚBLICA",24,Indenização por Dano Material,56,1.1180913223561864,10439,0,-0.4583728751792614,-0.4752018359887284,,17,1.6956521739130435,,,-1.2082300017977208,-0.5341217011492864,
JE,0,1,0,TJRN,Procedimento do Juizado Especial da Fazenda Pública,PJe,14695,1,08840510320268205001,2026-08-21,1º JUIZADO ESPECIAL DA FAZENDA PÚBLICA,3,Subsídios,27,-0.4791819952955085,10497,0,-0.8700850385139273,-0.5039391875275269,,20,3.5,,,0.641101633606953,-0.40377449980941493,
G1,1,0,0,TJRN,Inválido,PJe,-1,1,08301424620268205001,2026-04-01,13ª VARA CÍVEL,76,Superendividamento,169,-0.4791819952955085,15048,0,0.561104862601816,-0.3632252593030653,,17,2.013333333333333,,,-1.2082300017977208,-0.511172217989688,
G1,1,0,0,TJRN,Outros procedimentos de jurisdição voluntária,PJe,1294,1,08024418920268205105,2026-07-30,2ª VARA,10,Petição de Herança,49,-0.4791819952955085,5833,0,-0.7328476507357053,-0.48213843808430046,,17,3.4444444444444446,,,-1.2082300017977208,-0.4077878674544177,
G1,1,0,0,TJRN,Cumprimento de Sentença de Ações Coletivas,PJe,15160,1,08715034320268205001,2026-08-06,1ª VARA DA FAZENDA PÚBLICA,15,"Reajustes de Remuneração, Proventos ou Pensão",42,-0.4791819952955085,10313,0,-0.6348209451798326,-0.4890750401798725,,17,1.7857142857142858,,,-1.2082300017977208,-0.5276155585694993,
JE,0,1,0,TJRN,Procedimento do Juizado Especial da Fazenda Pública,PJe,14695,1,08859226820268205001,2026-08-27,6º JUIZADO ESPECIAL DA FAZENDA PÚBLICA,2,Contribuições Previdenciárias,22,-0.4791819952955085,6048,0,-0.8896903796251019,-0.5088939033100783,,22,0.0,,,1.8739893905434022,-0.6566166614445871,
JE,0,1,0,TJRN,Procedimento do Juizado Especial Cível,PJe,436,1,08128495420268205004,2026-07-16,9º JUIZADO ESPECIAL CÍVEL,15,Obrigação de Fazer / Não Fazer,64,-0.4791819952955085,10671,0,-0.6348209451798326,-0.46727429073664606,,18,3.2142857142857144,,,-0.5917861233294961,-0.424414676269429,
G1,1,0,0,TJRN,Cumprimento de sentença,PJe,156,3,08004959720268205100,2026-01-30,2ª VARA,55,Abatimento proporcional do preço ,230,2.715364640007881,7769,1,0.14939269926715015,-0.30277772675593745,79.0,17,3.9444444444444446,14.0,-0.6649925914691179,-1.2082300017977208,-0.3716675586493931,-0.4330983691821663
JE,0,1,0,TJRN,Procedimento do Juizado Especial da Fazenda Pública,PJe,14695,1,08700345920268205001,2026-08-03,2º JUIZADO ESPECIAL DA FAZENDA PÚBLICA,15,Anulação e Correção de Provas / Questões,45,-0.4791819952955085,10379,0,-0.6348209451798326,-0.48610221071034165,,19,1.8571428571428572,,,0.02465775513872846,-0.5224555144544957,
G1,1,0,0,TJRN,Reintegração / Manutenção de Posse,PJe,1707,1,08138925420268205124,2026-07-28,4ª VARA CÍVEL,16,Esbulho / Turbação / Ameaça,51,-0.4791819952955085,10445,0,-0.6152156040686579,-0.48015655177127986,,17,2.2,,,-1.2082300017977208,-0.49768730270247885,
JE,0,1,0,TJRN,Procedimento do Juizado Especial da Fazenda Pública,PJe,14695,1,08245303020268205001,2026-03-18,3º JUIZADO ESPECIAL DA FAZENDA PÚBLICA,25,Adicional por Tempo de Serviço,184,-0.4791819952955085,10302,0,-0.43876753406808683,-0.3483611119554109,,21,6.75,,,1.2575455120751777,-0.16899249257675514,
JE,0,1,0,TJRN,Procedimento do Juizado Especial da Fazenda Pública,PJe,14695,1,08689996420268205001,2026-07-30,2º JUIZADO ESPECIAL DA FAZENDA PÚBLICA,8,Plano de Classificação de Cargos,50,-0.4791819952955085,10299,0,-0.7720583329580545,-0.4811474949277902,,17,4.571428571428571,,,-1.2082300017977208,-0.32637383808436227,
JE,0,1,0,TJRN,Procedimento do Juizado Especial Cível,PJe,436,2,08142612020268205004,2026-08-04,4º JUIZADO ESPECIAL CÍVEL,13,Indenização por Dano Material,44,1.1180913223561864,7780,0,-0.6740316274021817,-0.4870931538668519,,20,2.0,,,0.641101633606953,-0.5121354262244887,
TR,0,0,1,TJRN,Recurso Inominado Cível,PJe,460,1,08885774720258205001,2026-01-13,TURMA RECURSAL DE UNIFORMIZAÇÃO DE JURISPRUDÊNCIA DOS JUIZADOS ESPECIAIS,36,Equivalência salarial,247,-0.4791819952955085,4840,0,-0.2231087818451666,-0.28593169309526245,,17,6.571428571428571,,,-1.2082300017977208,-0.18189260286426395,
JE,0,1,0,TJRN,Procedimento do Juizado Especial da Fazenda Pública,PJe,14695,1,08003958220268205120,2026-03-25,VARA ÚNICA,40,Promoção / Ascensão,176,-0.4791819952955085,10236,0,-0.14468741740046837,-0.35628865720749325,,22,3.948717948717949,,,1.8739893905434022,-0.371358838061316,
G1,1,0,0,TJRN,Procedimento Comum Cível,PJe,7,2,08016451620268205100,2026-03-30,2ª VARA,53,Seguro,171,1.1180913223561864,9597,0,0.11018201704480102,-0.3612433729900447,,21,2.8846153846153846,,,1.2575455120751777,-0.4482302644925221,
JE,0,1,0,TJRN,Procedimento do Juizado Especial Cível,PJe,436,2,08179661120268205106,2026-07-08,"4º JUIZADO ESPECIAL CÍVEL, CRIMINAL E DA FAZENDA PÚBLICA",21,Indenização por Dano Material,72,1.1180913223561864,10439,0,-0.5171888985127852,-0.4593467454845637,,18,2.65,,,-0.5917861233294961,-0.46517902477795675,
JE,0,1,0,TJRN,Termo Circunstanciado,PJe,278,1,08047433720258205102,2025-10-29,"JUIZADO ESPECIAL CÍVEL, CRIMINAL E DA FAZENDA PÚBLICA",31,Crimes de Trânsito,323,-0.4791819952955085,3632,0,-0.3211354874010395,-0.21062001320048018,,17,10.166666666666666,,,-1.2082300017977208,0.07782961759091281,
G1,1,0,0,TJRN,Execução de Título Extrajudicial,PJe,12154,1,01000790720188200104,2018-01-23,1ª VARA,93,Alienação Fiduciária,3160,-0.4791819952955085,9582,0,0.8943956614917837,2.6006857218192208,,18,34.130434782608695,,,-0.5917861233294961,1.8089870265505694,
G1,1,0,0,TJRN,Procedimento Comum Cível,PJe,7,1,08203200920268205106,2026-07-29,4ª VARA CÍVEL,10,Erro Médico,50,-0.4791819952955085,10434,0,-0.7328476507357053,-0.4811474949277902,,17,3.6666666666666665,,,-1.2082300017977208,-0.3917343968744068,
G1,1,0,0,TJRN,Procedimento Comum Cível,PJe,7,2,08041992120268205100,2026-07-30,1ª VARA,20,Indenização por Dano Material,50,1.1180913223561864,7780,0,-0.5367942396239597,-0.4811474949277902,,21,1.4736842105263157,,,1.2575455120751777,-0.5501568039139882,
JE,0,1,0,TJRN,Procedimento do Juizado Especial Cível,PJe,436,2,08098209320268205004,2026-06-02,7º JUIZADO ESPECIAL CÍVEL,24,Indenização por Dano Material,107,1.1180913223561864,7780,0,-0.4583728751792614,-0.42466373500670346,,21,3.739130434782609,,,1.2575455120751777,-0.38649956951135966,
JE,0,1,0,TJRN,Procedimento do Juizado Especial da Fazenda Pública,PJe,14695,1,08017461420268205113,2026-06-10,2ª VARA,27,Abono de Permanência,99,-0.4791819952955085,10662,0,-0.3995568518457377,-0.4325912802587858,,22,2.9615384615384617,,,1.8739893905434022,-0.4426732939071337,
JE,0,1,0,TJRN,Procedimento do Juizado Especial da Fazenda Pública,PJe,14695,1,08030837120268205102,2026-06-22,"JUIZADO ESPECIAL CÍVEL, CRIMINAL E DA FAZENDA PÚBLICA",8,Plano de Classificação de Cargos,87,-0.4791819952955085,10299,0,-0.7720583329580545,-0.4444825981369093,,21,9.428571428571429,,,1.2575455120751777,0.02450916173587658,
G1,1,0,0,TJRN,Procedimento Comum Cível,PJe,7,3,08004067220268205133,2026-03-23,1ª VARA,26,Contratos Bancários,178,2.715364640007881,9607,0,-0.41916219295691226,-0.35430677089447266,,18,6.4,,,-0.5917861233294961,-0.19427670874027234,
JE,0,1,0,TJRN,Execução de Título Extrajudicial,PJe,12154,1,08101571320268205124,2026-06-08,"4º JUIZADO ESPECIAL CÍVEL, CRIMINAL E DA FAZENDA PÚBLICA",13,Direitos / Deveres do Condômino,101,-0.4791819952955085,10468,0,-0.6740316274021817,-0.43060939394576525,,20,6.75,,,0.641101633606953,-0.16899249257675514,
JE,0,1,0,TJRN,Procedimento do Juizado Especial da Fazenda Pública,PJe,14695,1,08017349720268205113,2026-06-10,2ª VARA,15,Voluntária,99,-0.4791819952955085,10257,0,-0.6348209451798326,-0.4325912802587858,,22,5.5,,,1.8739893905434022,-0.2592932645893166,
JE,0,1,0,TJRN,Cumprimento de Sentença contra a Fazenda Pública,PJe,12078,1,09040256020258205001,2025-12-02,5º JUIZADO ESPECIAL DA FAZENDA PÚBLICA,26,Promoção / Ascensão,289,-0.4791819952955085,10236,1,-0.41916219295691226,-0.24431208052183015,78.0,17,10.84,7.0,-0.6679597500137309,-1.2082300017977208,0.12647163344834594,-0.7861032043374936
JE,0,1,0,TJRN,Procedimento do Juizado Especial Cível,PJe,436,1,08143642720268205004,2026-08-05,1º JUIZADO ESPECIAL CÍVEL,12,Inadimplemento,43,-0.4791819952955085,7691,0,-0.6936369685133562,-0.48808409702336225,,21,2.0,,,1.2575455120751777,-0.5121354262244887,
G1,1,0,0,TJRN,Cumprimento de sentença,PJe,156,1,08333890620248205001,2024-05-20,6ª VARA CÍVEL,114,Adimplemento e Extinção,850,-0.4791819952955085,7690,1,1.3061078248264497,0.31160703028044423,154.0,20,7.345132743362832,26.0,-0.4424557006231533,0.641101633606953,-0.12599973563626127,0.17205277679839473
G1,1,0,0,TJRN,Alvará Judicial - Lei 6858/80,PJe,74,2,08043660920258205121,2025-10-10,1ª VARA,23,Obrigação de Fazer / Não Fazer,343,1.1180913223561864,10671,0,-0.47797821629043596,-0.19080115007027432,,18,14.727272727272727,,,-0.5917861233294961,0.407290616085228,
G1,1,0,0,TJRN,Monitória,PJe,40,1,08150366320268205124,2026-08-12,4ª VARA CÍVEL,5,Espécies de Contratos,36,-0.4791819952955085,9580,0,-0.8308743562915781,-0.49502069911893426,,20,4.0,,,0.641101633606953,-0.3676541910043904,
JE,0,1,0,TJRN,Cumprimento de Sentença contra a Fazenda Pública,PJe,12078,1,08272585420258205106,2025-11-14,"5º JUIZADO ESPECIAL CÍVEL, CRIMINAL E DA FAZENDA PÚBLICA",40,Pagamento Atrasado / Correção Monetária,307,-0.4791819952955085,10422,1,-0.14468741740046837,-0.22647510370464488,136.0,18,7.384615384615385,18.0,-0.4958645544261848,-0.5917861233294961,-0.12314748524730083,-0.2313813205219793
G1,1,0,0,TJRN,Inquérito Policial,PJe,279,1,08954307220258205001,2025-11-05,GABINETE 3 - 1º NÚCLEO REGIONAL DAS GARANTIAS,54,Furto Qualificado ,316,-0.4791819952955085,3417,0,0.12978735815597559,-0.21755661529605225,,21,5.547169811320755,,,1.2575455120751777,-0.2558856882869558,
G1,1,0,0,TJRN,Cumprimento de Sentença contra a Fazenda Pública,PJe,12078,1,08094912720258205001,2025-02-18,3ª VARA DA FAZENDA PÚBLICA,44,Plano de Classificação de Cargos,577,-0.4791819952955085,10299,1,-0.06626605295577008,0.04107954855313424,21.0,20,12.953488372093023,4.0,-0.837087787056664,0.641101633606953,0.27915133876000336,-0.9373909908326339
G1,1,0,0,TJRN,Procedimento Comum Cível,PJe,7,1,08872425620268205001,2026-08-31,21ª VARA CÍVEL,2,Compra e Venda,17,-0.4791819952955085,9587,0,-0.8896903796251019,-0.5138486190926298,,17,0.0,,,-1.2082300017977208,-0.6566166614445871,
G1,1,0,0,TJRN,Procedimento Comum Cível,PJe,7,3,08020944520258205120,2025-10-23,VARA ÚNICA,37,Direito de Imagem,329,2.715364640007881,10437,0,-0.20350344073399204,-0.20467435426141842,,18,8.63888888888889,,,-0.5917861233294961,-0.03253799264666224,
TR,0,0,1,TJRN,Agravo de Instrumento,PJe,202,1,08016541520268209000,2026-07-02,2ª TURMA RECURSAL,20,Obrigação de Fazer / Não Fazer,77,-0.4791819952955085,10671,0,-0.5367942396239597,-0.45439202970201226,,20,3.0,,,0.641101633606953,-0.4398948086144395,
JE,0,1,0,TJRN,Procedimento do Juizado Especial da Fazenda Pública,PJe,14695,1,08329055420258205001,2025-05-14,3º JUIZADO ESPECIAL DA FAZENDA PÚBLICA,25,Piso Salarial,491,-0.4791819952955085,10312,0,-0.43876753406808683,-0.04414156290675096,,20,19.625,,,0.641101633606953,0.761105459152628,
JE,0,1,0,TJRN,Procedimento do Juizado Especial da Fazenda Pública,PJe,14695,1,08011994720268205121,2026-03-22,"JUIZADO ESPECIAL CÍVEL, CRIMINAL E DA FAZENDA PÚBLICA",28,Gratificação Natalina/13º salário,179,-0.4791819952955085,10310,1,-0.3799515107345631,-0.3533158277379624,21.0,21,5.814814814814815,3.0,-0.837087787056664,1.2575455120751777,-0.23655084793430112,-0.9878202529976806
G1,1,0,0,TJRN,Cumprimento de sentença,PJe,156,1,08196269820258205001,2025-03-30,1ª VARA DA FAZENDA PÚBLICA,60,Licença-Prêmio,536,-0.4791819952955085,10261,0,0.247419404823023,0.00045087913621222385,,20,8.745762711864407,,,0.641101633606953,-0.024817361668563808,
G1,1,0,0,TJRN,Ação Penal - Procedimento Ordinário,PJe,283,2,08045497720258205121,2025-10-22,2ª VARA,152,Tráfico de Drogas e Condutas Afins,330,1.1180913223561864,3608,1,2.0511107870510834,-0.20368341110490815,21.0,17,2.066225165562914,5.0,-0.837087787056664,-1.2082300017977208,-0.507351279362896,-0.886961728667587
JE,0,1,0,TJRN,Cumprimento de sentença,PJe,156,2,08075254820258205124,2025-05-05,"4º JUIZADO ESPECIAL CÍVEL, CRIMINAL E DA FAZENDA PÚBLICA",54,Indenização por Dano Moral,500,1.1180913223561864,7779,0,0.12978735815597559,-0.03522307449815833,,20,9.056603773584905,,,0.641101633606953,-0.002362011391311556,
G1,1,0,0,TJRN,Procedimento Comum Cível,PJe,7,1,08005968220258205161,2025-04-24,2ª VARA,63,Indenização por Dano Moral,511,-0.4791819952955085,10433,0,0.3062354281565467,-0.024322699776545102,,19,7.919354838709677,,,0.02465775513872846,-0.08451757682306864,
G1,1,0,0,TJRN,Ação Penal - Procedimento Sumário,PJe,10943,1,08157876520258205001,2025-03-17,10ª VARA CRIMINAL,76,Receptação,549,-0.4791819952955085,3435,0,0.561104862601816,0.013333140170846032,,20,7.053333333333334,,,0.641101633606953,-0.1470795052350402,
JE,0,1,0,TJRN,Procedimento do Juizado Especial da Fazenda Pública,PJe,14695,1,08022595920258205131,2025-10-24,VARA ÚNICA,23,Indenização / Terço Constitucional,328,-0.4791819952955085,10884,0,-0.47797821629043596,-0.20566529741792872,,21,13.954545454545455,,,1.2575455120751777,0.35146832065928096,
G1,1,0,0,TJRN,Ação Penal - Procedimento Ordinário,PJe,283,2,08050976220258205102,2025-11-24,3ª VARA,34,Crimes de Trânsito,297,1.1180913223561864,3632,0,-0.2623194640675158,-0.23638453526974781,,17,8.454545454545455,,,-1.2082300017977208,-0.045855076195989476,
G1,1,0,0,TJRN,Embargos à Execução,PJe,172,1,09006366720258205001,2025-11-24,23ª VARA CÍVEL,25,Contratos Bancários,298,-0.4791819952955085,9607,1,-0.43876753406808683,-0.23539359211323752,22.0,17,11.666666666666666,2.0,-0.8341206285120512,-1.2082300017977208,0.18619054400598659,-1.0382495151627273
JE,0,1,0,TJRN,Procedimento do Juizado Especial da Fazenda Pública,PJe,14695,1,08863291120258205001,2025-10-08,5º JUIZADO ESPECIAL DA FAZENDA PÚBLICA,27,Adicional por Tempo de Serviço,344,-0.4791819952955085,10302,0,-0.3995568518457377,-0.18981020691376405,,21,12.423076923076923,,,1.2575455120751777,0.24083408809563922,
JE,0,1,0,TJRN,Cumprimento de Sentença contra a Fazenda Pública,PJe,12078,1,08945923220258205001,2025-11-03,1º JUIZADO ESPECIAL DA FAZENDA PÚBLICA,35,Plano de Classificação de Cargos,318,-0.4791819952955085,10299,1,-0.24271412295634118,-0.21557472898303165,161.0,17,8.823529411764707,15.0,-0.42168559081086326,-1.2082300017977208,-0.01919944723827079,-0.38266910701711954
JE,0,1,0,TJRN,Cumprimento de Sentença contra a Fazenda Pública,PJe,12078,2,08353738820258205001,2025-05-21,2º JUIZADO ESPECIAL DA FAZENDA PÚBLICA,74,Gratificação Natalina/13º salário,485,1.1180913223561864,10310,1,0.5218941803794669,-0.05008722184581272,393.0,19,6.36986301369863,56.0,0.26669519153932075,0.02465775513872846,-0.1964538232435889,1.6849306417497971
JE,0,1,0,TJRN,Procedimento do Juizado Especial da Fazenda Pública,PJe,14695,1,08252858820258205001,2025-04-21,5º JUIZADO ESPECIAL DA FAZENDA PÚBLICA,20,Piso Salarial,514,-0.4791819952955085,10312,0,-0.5367942396239597,-0.021349870307014223,,20,26.0,,,0.641101633606953,1.2216393964166914,
G1,1,0,0,TJRN,Procedimento Comum Cível,PJe,7,1,08046065520258205102,2025-10-21,1ª VARA,35,Inclusão Indevida em Cadastro de Inadimplentes,331,-0.4791819952955085,6226,0,-0.24271412295634118,-0.20269246794839785,,20,9.147058823529411,,,0.641101633606953,0.004172517282627388,
JE,0,1,0,TJRN,Procedimento do Juizado Especial da Fazenda Pública,PJe,14695,1,08006288520268205118,2026-07-08,VARA ÚNICA,8,Licença-Prêmio,71,-0.4791819952955085,10261,0,-0.7720583329580545,-0.460337688641074,,18,7.571428571428571,,,-0.5917861233294961,-0.10965198525421478,
G1,1,0,0,TJRN,Ação Penal - Procedimento Ordinário,PJe,283,1,08879322220258205001,2025-10-14,9ª VARA CRIMINAL,34,Crimes Previstos no Estatuto do Idoso,339,-0.4791819952955085,3659,0,-0.2623194640675158,-0.19476492269631548,,22,9.575757575757576,,,1.8739893905434022,0.03514197991224746,
G1,1,0,0,TJRN,Procedimento Comum Cível,PJe,7,1,08023758520268205113,2026-08-06,1ª VARA,19,Bancários,42,-0.4791819952955085,7752,0,-0.5563995807351343,-0.4890750401798725,,22,1.1111111111111112,,,1.8739893905434022,-0.5763493085445325,
JE,0,1,0,TJRN,Procedimento do Juizado Especial Cível,PJe,436,2,08044854320258205129,2025-10-02,"JUIZADO ESPECIAL CÍVEL, CRIMINAL E DA FAZENDA PÚBLICA",47,Indenização por Dano Moral,350,1.1180913223561864,10433,0,-0.007450029622246386,-0.18386454797470228,,21,7.1521739130434785,,,1.2575455120751777,-0.13993920071184404,
JE,0,1,0,TJRN,Cumprimento de Sentença contra a Fazenda Pública,PJe,12078,1,08845459620258205001,2025-10-01,1º JUIZADO ESPECIAL DA FAZENDA PÚBLICA,44,Capitalização / Anatocismo,352,-0.4791819952955085,10585,1,-0.06626605295577008,-0.18188266166168168,190.0,18,7.744186046511628,24.0,-0.33563799301709024,-0.5917861233294961,-0.09717187855746204,0.07119425246830123
JE,0,1,0,TJRN,Cumprimento de Sentença contra a Fazenda Pública,PJe,12078,1,08938449720258205001,2025-10-30,3º JUIZADO ESPECIAL DA FAZENDA PÚBLICA,42,Indenização por Dano Material,322,-0.4791819952955085,10502,1,-0.10547673517811922,-0.21161095635699048,220.0,21,7.341463414634147,26.0,-0.2466232366787044,1.2575455120751777,-0.1262648102098358,0.17205277679839473
G1,1,0,0,TJRN,Representação Criminal/Notícia de Crime,PJe,272,3,08051530420258205100,2025-10-11,2ª VARA,75,Leve,341,2.715364640007881,3386,0,0.5414995214906415,-0.19278303638329491,,20,4.337837837837838,,,0.641101633606953,-0.34324857694694133,
G1,1,0,0,TJRN,Cumprimento de sentença,PJe,156,1,08862379620268205001,2026-08-27,1ª VARA DE FAMÍLIA E SUCESSÕES,3,Alimentos,21,-0.4791819952955085,5779,0,-0.8700850385139273,-0.5098848464665887,,18,1.0,,,-0.5917861233294961,-0.5843760438345379,
G1,1,0,0,TJRN,Busca e Apreensão em Alienação Fiduciária,PJe,81,1,08517792420248205001,2024-08-02,14ª VARA CÍVEL,120,Alienação Fiduciária,776,-0.4791819952955085,9582,0,1.423739871493497,0.23827723669868253,,20,6.352941176470588,,,0.641101633606953,-0.1976762672160394,
JE,0,1,0,TJRN,Procedimento do Juizado Especial Cível,PJe,436,1,08050382220268205108,2026-08-27,"JUIZADO ESPECIAL CÍVEL, CRIMINAL E DA FAZENDA PÚBLICA",4,Indenização por Dano Moral,21,-0.4791819952955085,7779,0,-0.8504796974027528,-0.5098848464665887,,18,1.0,,,-0.5917861233294961,-0.5843760438345379,
JE,0,1,0,TJRN,Procedimento do Juizado Especial Cível,PJe,436,1,08050642020268205108,2026-08-28,"JUIZADO ESPECIAL CÍVEL, CRIMINAL E DA FAZENDA PÚBLICA",4,Indenização por Dano Moral,21,-0.4791819952955085,7779,0,-0.8504796974027528,-0.5098848464665887,,18,0.6666666666666666,,,-0.5917861233294961,-0.6084562497045544,
TR,0,0,1,TJRN,Recurso Inominado Cível,PJe,460,1,08000445520258205117,2026-05-18,3ª TURMA RECURSAL,21,Inadimplemento,123,-0.4791819952955085,7691,1,-0.5171888985127852,-0.4088086445025388,18.0,17,5.25,1.0,-0.8459892626905026,-1.2082300017977208,-0.2773534189918289,-1.0886787773277742
G1,1,0,0,TJRN,Ação Penal - Procedimento Ordinário,PJe,283,1,08348960220248205001,2024-05-27,10ª VARA CRIMINAL,100,Apropriação indébita,843,-0.4791819952955085,3436,0,1.0316330492700057,0.30467042818487217,,20,8.313131313131313,,,0.641101633606953,-0.05607092111054192,
G1,1,0,0,TJRN,Procedimento Comum Cível,PJe,7,1,08093151420268205001,2026-02-03,4ª VARA DA FAZENDA PÚBLICA,56,Tratamento Domiciliar (Home Care),226,-0.4791819952955085,14759,0,0.16899804037832472,-0.3067414993819786,,18,3.7818181818181817,,,-0.5917861233294961,-0.3834157803011284,
JE,0,1,0,TJRN,Procedimento do Juizado Especial Cível,PJe,436,2,08161752220268205004,2026-08-31,5º JUIZADO ESPECIAL CÍVEL,5,Abatimento proporcional do preço ,17,1.1180913223561864,7769,0,-0.8308743562915781,-0.5138486190926298,,17,0.0,,,-1.2082300017977208,-0.6566166614445871,
JE,0,1,0,TJRN,Procedimento do Juizado Especial da Fazenda Pública,PJe,14695,1,08875190920258205001,2025-10-13,6º JUIZADO ESPECIAL DA FAZENDA PÚBLICA,29,Plano de Classificação de Cargos,340,-0.4791819952955085,10299,0,-0.3603461696233886,-0.1937739795398052,,21,11.357142857142858,,,1.2575455120751777,0.16383035284097144,
G1,1,0,0,TJRN,Inquérito Policial,PJe,279,1,08028956320268205107,2026-08-28,GABINETE 3 - 1º NÚCLEO REGIONAL DAS GARANTIAS,5,Furto ,20,-0.4791819952955085,3416,0,-0.8308743562915781,-0.510875789623099,,17,0.5,,,-1.2082300017977208,-0.6204963526395625,
JE,0,1,0,TJRN,Cumprimento de Sentença contra a Fazenda Pública,PJe,12078,1,08939782720258205001,2025-10-31,6º JUIZADO ESPECIAL DA FAZENDA PÚBLICA,34,Promoção / Ascensão,321,-0.4791819952955085,10236,1,-0.2623194640675158,-0.21260189951350078,115.0,20,9.121212121212121,15.0,-0.5581748838630549,0.641101633606953,0.0023053355440432596,-0.38266910701711954
G1,1,0,0,TJRN,Cumprimento de sentença,PJe,156,2,08019712320248205107,2024-07-24,2ª VARA,65,Indenização por Dano Moral,786,1.1180913223561864,7779,1,0.34544611037889583,0.24818666826378546,19.0,19,11.96875,2.0,-0.8430221041458897,0.02465775513872846,0.20801323057568896,-1.0382495151627273
JE,0,1,0,TJRN,Procedimento do Juizado Especial Cível,PJe,436,1,08056536720258205101,2025-10-27,"JUIZADO ESPECIAL CÍVEL, CRIMINAL E DA FAZENDA PÚBLICA",47,Indenização por Dano Moral,326,-0.4791819952955085,10433,0,-0.007450029622246386,-0.20764718373094931,,20,6.630434782608695,,,0.641101633606953,-0.1776299577257828,
JE,0,1,0,TJRN,Procedimento do Juizado Especial Cível,PJe,436,1,08190076220258205004,2025-10-21,1º JUIZADO ESPECIAL CÍVEL,49,Indenização por Dano Moral,331,-0.4791819952955085,7779,0,0.031760652600102746,-0.20269246794839785,,17,6.541666666666667,,,-1.2082300017977208,-0.18404262124551538,
G1,1,0,0,TJRN,Interdição/Curatela,PJe,58,1,08020843220248205121,2024-06-10,1ª VARA,91,Capacidade,829,-0.4791819952955085,9541,1,0.8551849792694346,0.2907972239937281,146.0,20,8.988888888888889,16.0,-0.4661929689800562,0.641101633606953,-0.007253776483145054,-0.3322398448520728
G1,1,0,0,TJRN,Procedimento Comum Cível,PJe,7,1,08010318920258205150,2025-10-22,VARA ÚNICA,34,Empréstimo consignado,331,-0.4791819952955085,11806,0,-0.2623194640675158,-0.20269246794839785,,17,9.484848484848484,,,-1.2082300017977208,0.028574651038606572,
JE,0,1,0,TJRN,Procedimento do Juizado Especial da Fazenda Pública,PJe,14695,1,08051263120258205129,2025-10-28,"JUIZADO ESPECIAL CÍVEL, CRIMINAL E DA FAZENDA PÚBLICA",31,Auxílio-Alimentação,324,-0.4791819952955085,10304,0,-0.3211354874010395,-0.20962907004396988,,18,10.2,,,-0.5917861233294961,0.08023763817791445,
JE,0,1,0,TJRN,Procedimento do Juizado Especial da Fazenda Pública,PJe,14695,1,08865549420268205001,2026-08-28,2º JUIZADO ESPECIAL DA FAZENDA PÚBLICA,3,Adicional por Tempo de Serviço,20,-0.4791819952955085,10302,0,-0.8700850385139273,-0.510875789623099,,17,1.0,,,-1.2082300017977208,-0.5843760438345379,
TR,0,0,1,TJRN,Recurso Inominado Cível,PJe,460,2,08016149020268205004,2026-04-10,2ª TURMA RECURSAL,35,Abatimento proporcional do preço ,160,1.1180913223561864,7769,0,-0.24271412295634118,-0.3721437477116579,,17,4.176470588235294,,,-1.2082300017977208,-0.35490584672026404,
G1,1,0,0,TJRN,Procedimento Comum Cível,PJe,7,2,08000582720268205142,2026-01-22,VARA ÚNICA,38,Indenização por Dano Moral,239,1.1180913223561864,10433,0,-0.18389809962281747,-0.2938592383473448,,17,5.972972972972973,,,-1.2082300017977208,-0.22512540490888797,
G1,1,0,0,TJRN,Alvará Judicial - Lei 6858/80,PJe,74,1,08860664220268205001,2026-08-27,8ª VARA DE FAMÍLIA E SUCESSÕES,4,Levantamento de Valor,21,-0.4791819952955085,9160,0,-0.8504796974027528,-0.5098848464665887,,20,0.0,,,0.641101633606953,-0.6566166614445871,
JE,0,1,0,TJRN,Procedimento do Juizado Especial da Fazenda Pública,PJe,14695,3,08013859820268205144,2026-08-28,VARA ÚNICA,2,Indenização por Dano Material,20,2.715364640007881,10502,0,-0.8896903796251019,-0.510875789623099,,20,0.0,,,0.641101633606953,-0.6566166614445871,
G1,1,0,0,TJRN,Cumprimento de sentença,PJe,156,1,08009919620218205102,2021-04-06,1ª VARA,223,Adicional de Horas Extras,1990,-0.4791819952955085,10303,1,3.4430900059444776,1.441282228702178,898.0,18,8.882882882882884,72.0,1.7651102565688161,-0.5917861233294961,-0.014911715827393458,2.4917988363905454
G1,1,0,0,TJRN,Usucapião,PJe,49,1,08058236320218205106,2021-03-25,4ª VARA CÍVEL,67,Aquisição,2002,-0.4791819952955085,10455,0,0.38465679260124497,1.4531735465803017,,18,30.060606060606062,,,-0.5917861233294961,1.514980086105982,
G1,1,0,0,TJRN,Cumprimento de sentença,PJe,156,1,08026816120248205101,2024-05-22,VARA ÚNICA,113,Valor da Execução / Cálculo / Atualização,848,-0.4791819952955085,9149,1,1.2865024837152752,0.30962514396742363,29.0,20,7.392857142857143,3.0,-0.813350518699761,0.641101633606953,-0.12255209554172351,-0.9878202529976806
JE,0,1,0,TJRN,Cumprimento de Sentença contra a Fazenda Pública,PJe,12078,2,08533867220248205001,2024-08-09,4º JUIZADO ESPECIAL DA FAZENDA PÚBLICA,54,Assistência à Saúde,770,1.1180913223561864,10244,0,0.12978735815597559,0.2323315777596208,,20,14.132075471698114,,,0.641101633606953,0.36429319874271165,
JE,0,1,0,TJRN,Procedimento do Juizado Especial Cível,PJe,436,1,08218349420268205106,2026-08-10,"3º JUIZADO ESPECIAL CÍVEL, CRIMINAL E DA FAZENDA PÚBLICA",12,Planos de saúde,38,-0.4791819952955085,12486,0,-0.6936369685133562,-0.4930388128059137,,21,1.5454545454545454,,,1.2575455120751777,-0.5449720705926929,
G1,1,0,0,TJRN,Procedimento Comum Cível,PJe,7,1,08050106020268205300,2026-07-17,3ª VARA DA FAZENDA PÚBLICA,18,Incapacidade Laborativa Parcial,62,-0.4791819952955085,6108,0,-0.5760049218463088,-0.46925617704966666,,17,2.588235294117647,,,-1.2082300017977208,-0.46964094527740097,
JE,0,1,0,TJRN,Procedimento do Juizado Especial da Fazenda Pública,PJe,14695,1,08009850820268205137,2026-07-15,VARA ÚNICA,9,Adicional por Tempo de Serviço,65,-0.4791819952955085,10302,0,-0.75245299184688,-0.4662833475801358,,18,5.875,,,-0.5917861233294961,-0.23220303298554817,
G1,1,0,0,TJRN,Procedimento Comum Cível,PJe,7,1,08011802420268205159,2026-08-26,VARA ÚNICA,3,Abatimento proporcional do preço ,22,-0.4791819952955085,7769,0,-0.8700850385139273,-0.5088939033100783,,21,0.5,,,1.2575455120751777,-0.6204963526395625,
JE,0,1,0,TJRN,Procedimento do Juizado Especial Cível,PJe,436,2,08159621620268205004,2026-08-27,2º JUIZADO ESPECIAL CÍVEL,5,Inclusão Indevida em Cadastro de Inadimplentes,21,1.1180913223561864,6226,0,-0.8308743562915781,-0.5098848464665887,,20,0.25,,,0.641101633606953,-0.6385565070420748,
JE,0,1,0,TJRN,Procedimento do Juizado Especial da Fazenda Pública,PJe,14695,1,08636602720268205001,2026-07-14,6º JUIZADO ESPECIAL DA FAZENDA PÚBLICA,16,Concurso Público - Nomeação/Posse Tardia,65,-0.4791819952955085,14150,0,-0.6152156040686579,-0.4662833475801358,,18,3.1333333333333333,,,-0.5917861233294961,-0.430262726266433,
G1,1,0,0,TJRN,Ação Penal - Procedimento Ordinário,PJe,283,1,08023904620248205300,2024-04-20,7ª VARA CRIMINAL,117,Furto Qualificado ,880,-0.4791819952955085,3417,0,1.3649238481599735,0.34133532497575303,,20,7.413793103448276,,,0.641101633606953,-0.12103966881836044,
TR,0,0,1,TJRN,Recurso Inominado Cível,PJe,460,1,08891378620258205001,2025-12-08,TURMA RECURSAL DE UNIFORMIZAÇÃO DE JURISPRUDÊNCIA DOS JUIZADOS ESPECIAIS,49,Equivalência salarial,284,-0.4791819952955085,4840,0,0.031760652600102746,-0.24926679630438162,,17,5.541666666666667,,,-1.2082300017977208,-0.25628323885556453,
G1,1,0,0,TJRN,Procedimento Comum Cível,PJe,7,1,08011940820268205159,2026-08-28,VARA ÚNICA,2,Tarifas,20,-0.4791819952955085,11807,0,-0.8896903796251019,-0.510875789623099,,20,0.0,,,0.641101633606953,-0.6566166614445871,
G1,1,0,0,TJRN,Cumprimento de sentença,PJe,156,2,08394931420248205001,2024-06-15,5ª VARA CÍVEL,69,Cartão de Crédito,825,1.1180913223561864,9585,0,0.4238674748235941,0.2868334513676869,,19,11.838235294117647,,,0.02465775513872846,0.19858476761555385,
JE,0,1,0,TJRN,Procedimento do Juizado Especial Cível,PJe,436,2,08129941320268205004,2026-07-17,1º JUIZADO ESPECIAL CÍVEL,20,Indenização por Dano Moral,62,1.1180913223561864,7779,0,-0.5367942396239597,-0.46925617704966666,,18,2.3157894736842106,,,-0.5917861233294961,-0.48932259961078894,
G1,1,0,0,TJRN,Ação de Exigir Contas,PJe,45,1,08800649020258205001,2025-09-17,4ª VARA DE FAMÍLIA E SUCESSÕES,33,Administração de herança,365,-0.4791819952955085,7676,0,-0.28192480517869034,-0.16900040062704788,,21,10.75,,,1.2575455120751777,0.11996997786344155,
JE,0,1,0,TJRN,Procedimento do Juizado Especial Cível,PJe,436,3,08199320920268205106,2026-07-26,"3º JUIZADO ESPECIAL CÍVEL, CRIMINAL E DA FAZENDA PÚBLICA",26,Indenização por Dano Moral,54,2.715364640007881,7779,0,-0.41916219295691226,-0.477183722301749,,17,1.44,,,-1.2082300017977208,-0.5525901720861163,
G1,1,0,0,TJRN,Alvará Judicial - Lei 6858/80,PJe,74,1,08002148820228205163,2022-03-25,VARA ÚNICA,97,Inventário e Partilha,1637,-0.4791819952955085,7687,0,0.9728170259364819,1.0914792944540448,,18,16.864583333333332,,,-0.5917861233294961,0.5616912542915546,
G1,1,0,0,TJRN,Procedimento Comum Cível,PJe,7,1,08005220520268205125,2026-06-16,VARA ÚNICA,33,Cirurgia,93,-0.4791819952955085,12501,0,-0.28192480517869034,-0.4385369391978476,,20,2.25,,,0.641101633606953,-0.4940752718219764,
G1,1,0,0,TJRN,Cumprimento de Sentença contra a Fazenda Pública,PJe,12078,1,08533289820268205001,2026-06-10,5ª VARA DA FAZENDA PÚBLICA,16,Plano de Classificação de Cargos,99,-0.4791819952955085,10299,0,-0.6152156040686579,-0.4325912802587858,,20,5.266666666666667,,,0.641101633606953,-0.2761494086983281,
JE,0,1,0,TJRN,Cumprimento de sentença,PJe,156,1,08091671820228205106,2022-04-26,"2º JUIZADO ESPECIAL CÍVEL, CRIMINAL E DA FAZENDA PÚBLICA",144,Protesto Indevido de Título,1605,-0.4791819952955085,7781,0,1.8942680581616866,1.0597691134457152,,17,11.097902097902098,,,-1.2082300017977208,0.1451026402837209,
JE,0,1,0,TJRN,Termo Circunstanciado,PJe,278,1,08045829720218205124,2021-04-27,"4º JUIZADO ESPECIAL CÍVEL, CRIMINAL E DA FAZENDA PÚBLICA",51,Receptação culposa,1970,-0.4791819952955085,11959,0,0.07097133482245188,1.4214633655719722,,17,39.04,,,-1.2082300017977208,2.1636570500517323,
G1,1,0,0,TJRN,Ação Penal - Procedimento Ordinário,PJe,283,2,08011078220228205162,2022-04-13,2ª VARA,86,Leve,1618,1.1180913223561864,3386,0,0.7571582737135617,1.0726513744803492,,18,18.823529411764707,,,-0.5917861233294961,0.7032067288622209,
JE,0,1,0,TJRN,Cumprimento de Sentença contra a Fazenda Pública,PJe,12078,1,08249775220258205001,2025-04-17,3º JUIZADO ESPECIAL DA FAZENDA PÚBLICA,72,Adicional de Insalubridade,518,-0.4791819952955085,10291,1,0.4826834981571178,-0.01738609768097305,359.0,20,7.014084507042254,41.0,0.16581180102248347,0.641101633606953,-0.14991486468677734,0.9284917092740961
JE,0,1,0,TJRN,Cumprimento de Sentença contra a Fazenda Pública,PJe,12078,1,08051920720258205001,2025-01-30,4º JUIZADO ESPECIAL DA FAZENDA PÚBLICA,37,Gratificação Natalina/13º salário,596,-0.4791819952955085,10310,1,-0.20350344073399204,0.0599074685268298,422.0,20,15.972222222222221,22.0,0.3527427893330938,0.641101633606953,0.49722653649369825,-0.029664271861792282
G1,1,0,0,TJRN,Ação Penal - Procedimento Ordinário,PJe,283,3,08076094020248205300,2024-12-29,VARA ÚNICA,79,Decorrente de Violência Doméstica,628,2.715364640007881,5560,0,0.6199208859353398,0.09161764953515918,,20,7.782051282051282,,,0.641101633606953,-0.09443647055612749,
G1,1,0,0,TJRN,Inventário,PJe,39,1,08235311920228205001,2022-04-18,7ª VARA DE FAMÍLIA E SUCESSÕES,78,Inventário e Partilha,1613,-0.4791819952955085,7687,0,0.6003155448241652,1.0676966586977976,,17,20.714285714285715,,,-1.2082300017977208,0.8397961319064315,
G1,1,0,0,TJRN,Execução Fiscal,PJe,1116,1,00009411720078200116,2007-06-06,1ª VARA,46,Ambiental,7044,-0.4791819952955085,10396,0,-0.02705537073342095,6.449508941705199,,17,156.13333333333333,,,-1.2082300017977208,10.622551768071089,
G1,1,0,0,TJRN,Ação Penal - Procedimento Ordinário,PJe,283,1,01002108620198200155,2019-09-25,VARA ÚNICA,73,Desacato ,2550,-0.4791819952955085,3573,0,0.5022888392682924,1.9962103963479423,,17,35.22222222222222,,,-1.2082300017977208,1.8878584254871447,
JE,0,1,0,TJRN,Procedimento do Juizado Especial da Fazenda Pública,PJe,14695,1,08694612120268205001,2026-07-31,5º JUIZADO ESPECIAL DA FAZENDA PÚBLICA,7,Adicional por Tempo de Serviço,48,-0.4791819952955085,10302,0,-0.7916636740692291,-0.4831293812408108,,21,4.5,,,1.2575455120751777,-0.3315338821993658,
G1,1,0,0,TJRN,Procedimento Comum Cível,PJe,7,2,08032058120268205103,2026-07-31,2ª VARA,19,Tarifas,49,1.1180913223561864,11807,0,-0.5563995807351343,-0.48213843808430046,,21,1.5,,,1.2575455120751777,-0.5482557350295133,
JE,0,1,0,TJRN,Procedimento do Juizado Especial da Fazenda Pública,PJe,14695,1,08714133520268205001,2026-08-06,2º JUIZADO ESPECIAL DA FAZENDA PÚBLICA,5,Promoção / Ascensão,42,-0.4791819952955085,10236,0,-0.8308743562915781,-0.4890750401798725,,20,5.5,,,0.641101633606953,-0.2592932645893166,
JE,0,1,0,TJRN,Cumprimento de sentença,PJe,156,2,08006390520258205101,2025-02-09,"JUIZADO ESPECIAL CÍVEL, CRIMINAL E DA FAZENDA PÚBLICA",60,Indenização por Dano Moral,585,1.1180913223561864,7779,1,0.247419404823023,0.04900709380521658,204.0,19,9.59322033898305,23.0,-0.2940977733925102,0.02465775513872846,0.03640350071283376,0.02076499030325447
JE,0,1,0,TJRN,Procedimento do Juizado Especial Cível,PJe,436,1,08142153120268205004,2026-08-03,7º JUIZADO ESPECIAL CÍVEL,15,Direito de Imagem,45,-0.4791819952955085,10437,0,-0.6348209451798326,-0.48610221071034165,,21,1.7142857142857142,,,1.2575455120751777,-0.5327756026845027,
G1,1,0,0,TJRN,Cumprimento de sentença,PJe,156,1,08007838820228205131,2022-04-25,VARA ÚNICA,126,Contratos Bancários,1606,-0.4791819952955085,9607,1,1.5413719181605445,1.0607600566022257,916.0,18,12.704,74.0,1.8185191103718477,-0.5917861233294961,0.26112814467347767,2.5926573607206387
G1,1,0,0,TJRN,Cumprimento de sentença,PJe,156,1,08005291320258205131,2025-03-20,VARA ÚNICA,33,Contratos Bancários,546,-0.4791819952955085,9607,1,-0.28192480517869034,0.010360310701315155,288.0,20,16.4375,12.0,-0.04485645564502976,0.641101633606953,0.5308384905205962,-0.5339568935122598
JE,0,1,0,TJRN,Procedimento do Juizado Especial da Fazenda Pública,PJe,14695,1,08269954620258205001,2025-04-26,5º JUIZADO ESPECIAL DA FAZENDA PÚBLICA,14,Piso Salarial,509,-0.4791819952955085,10312,0,-0.6544262862910071,-0.026304586089565686,,20,37.61538461538461,,,0.641101633606953,2.0607419548103394,
JE,0,1,0,TJRN,Procedimento do Juizado Especial Cível,PJe,436,1,08142770220268205124,2026-08-03,"4º JUIZADO ESPECIAL CÍVEL, CRIMINAL E DA FAZENDA PÚBLICA",17,Indenização por Dano Moral,45,-0.4791819952955085,7779,0,-0.5956102629574834,-0.48610221071034165,,21,1.5,,,1.2575455120751777,-0.5482557350295133,
JE,0,1,0,TJRN,Execução de Título Extrajudicial,PJe,12154,1,08024152420228205108,2022-05-24,"JUIZADO ESPECIAL CÍVEL, CRIMINAL E DA FAZENDA PÚBLICA",283,Compra e Venda,1577,-0.4791819952955085,9587,0,4.619410472614952,1.0320227050634272,,17,5.528368794326241,,,-1.2082300017977208,-0.2572438853663365,
G1,1,0,0,TJRN,Procedimento Especial da Lei Antitóxicos,PJe,300,2,08016812820218205102,2021-06-09,3ª VARA,106,Crimes de Tráfico Ilícito e Uso Indevido de Drogas,1926,1.1180913223561864,3607,0,1.149265095937053,1.3778618666855194,,17,18.18095238095238,,,-1.2082300017977208,0.6567865672943068,
G1,1,0,0,TJRN,Procedimento Comum Cível,PJe,7,5,08212571920268205106,2026-08-05,2ª VARA CÍVEL,16,Bancários,44,5.909911275311271,7752,0,-0.6152156040686579,-0.4870931538668519,,20,1.5333333333333334,,,0.641101633606953,-0.5458477144425117,
JE,0,1,0,TJRN,Procedimento do Juizado Especial Cível,PJe,436,2,08003611020268205120,2026-03-19,VARA ÚNICA,22,Evicção ou Vicio Redibitório,182,1.1180913223561864,4706,0,-0.49758355740161053,-0.3503429982684315,,20,7.666666666666667,,,0.641101633606953,-0.10277192643421006,
JE,0,1,0,TJRN,Procedimento do Juizado Especial Cível,PJe,436,1,08142551320268205004,2026-08-04,11º JUIZADO ESPECIAL CÍVEL,27,Abatimento proporcional do preço ,44,-0.4791819952955085,7769,0,-0.3995568518457377,-0.4870931538668519,,20,0.9230769230769231,,,0.641101633606953,-0.5899330144199263,
JE,0,1,0,TJRN,Procedimento do Juizado Especial Cível,PJe,436,1,08140594320268205004,2026-07-31,12º JUIZADO ESPECIAL CÍVEL,24,Indenização por Dano Moral,48,-0.4791819952955085,10433,0,-0.4583728751792614,-0.4831293812408108,,22,1.1304347826086956,,,1.8739893905434022,-0.5749533545810532,
TR,0,0,1,TJRN,Recurso Inominado Cível,PJe,460,1,08066245220258205101,2026-07-26,3ª TURMA RECURSAL,10,Obrigação de Fazer / Não Fazer,54,-0.4791819952955085,10671,0,-0.7328476507357053,-0.477183722301749,,20,3.6666666666666665,,,0.641101633606953,-0.3917343968744068,
JE,0,1,0,TJRN,Cumprimento de Sentença contra a Fazenda Pública,PJe,12078,1,08128837220258205001,2025-03-06,1º JUIZADO ESPECIAL DA FAZENDA PÚBLICA,55,Auxílio-Alimentação,560,-0.4791819952955085,6063,0,0.14939269926715015,0.024233514892459257,,20,10.0,,,0.641101633606953,0.06578951465590466,
JE,0,1,0,TJRN,Procedimento do Juizado Especial da Fazenda Pública,PJe,14695,1,08945759320258205001,2025-11-03,1º JUIZADO ESPECIAL DA FAZENDA PÚBLICA,43,Licença Prêmio,318,-0.4791819952955085,10357,0,-0.08587139406694465,-0.21557472898303165,,18,7.142857142857143,,,-0.5917861233294961,-0.1406122499442358,
JE,0,1,0,TJRN,Procedimento do Juizado Especial Cível,PJe,436,3,08143971720268205004,2026-08-05,10º JUIZADO ESPECIAL CÍVEL,11,Cancelamento de vôo,43,2.715364640007881,4830,0,-0.7132423096245308,-0.48808409702336225,,22,2.1,,,1.8739893905434022,-0.5049113644634838,
G1,1,0,0,TJRN,Execução Fiscal,PJe,1116,1,08006127420218205129,2021-03-04,1ª VARA,27,IPTU/ Imposto Predial e Territorial Urbano,2023,-0.4791819952955085,5952,0,-0.3995568518457377,1.4739833528670179,,17,77.11538461538461,,,-1.2082300017977208,4.914246350407281,
TR,0,0,1,TJRN,Recurso Inominado Cível,PJe,460,3,08186871220258205004,2026-02-13,1ª TURMA RECURSAL,19,Abatimento proporcional do preço ,216,2.715364640007881,7769,0,-0.5563995807351343,-0.3166509309470815,,18,11.0,,,-0.5917861233294961,0.13803013226595384,
G1,1,0,0,TJRN,Ação Penal - Procedimento Ordinário,PJe,283,1,01002163120198200111,2019-07-01,VARA ÚNICA,149,Incêndio,2636,-0.4791819952955085,3492,0,1.9922947637175596,2.0814315078078276,,18,17.68243243243243,,,-0.5917861233294961,0.6207731783222958,
G1,1,0,0,TJRN,Execução de Título Extrajudicial,PJe,12154,1,00003738919988200124,1998-08-27,4ª VARA CÍVEL,277,Obrigação de Fazer / Não Fazer,10249,-0.4791819952955085,10671,0,4.501778425947904,9.625481758320689,,18,37.721014492753625,,,-0.5917861233294961,2.0683727223895505,
JE,0,1,0,TJRN,Procedimento do Juizado Especial da Fazenda Pública,PJe,14695,1,08222940820268205001,2026-03-12,5º JUIZADO ESPECIAL DA FAZENDA PÚBLICA,32,Adicional por Tempo de Serviço,190,-0.4791819952955085,10302,0,-0.3015301462898649,-0.3424154530163492,,21,5.419354838709677,,,1.2575455120751777,-0.26511912084819156,
G1,1,0,0,TJRN,Procedimento Comum Cível,PJe,7,1,08023241720218205124,2021-03-03,3ª VARA CÍVEL,99,Cobrança de Aluguéis - Sem despejo,2025,-0.4791819952955085,11000,0,1.0120277081588311,1.4759652391800384,,17,20.479591836734695,,,-1.2082300017977208,0.8228417012428486,
JE,0,1,0,TJRN,Procedimento do Juizado Especial Cível,PJe,436,1,08211073820268205106,2026-08-04,"2º JUIZADO ESPECIAL CÍVEL, CRIMINAL E DA FAZENDA PÚBLICA",14,Indenização por Dano Moral,44,-0.4791819952955085,10433,0,-0.6544262862910071,-0.4870931538668519,,17,2.0,,,-1.2082300017977208,-0.5121354262244887,
JE,0,1,0,TJRN,Procedimento do Juizado Especial da Fazenda Pública,PJe,14695,1,08015550520268205101,2026-03-24,"JUIZADO ESPECIAL CÍVEL, CRIMINAL E DA FAZENDA PÚBLICA",17,Adicional por Tempo de Serviço,177,-0.4791819952955085,10302,0,-0.5956102629574834,-0.355297714050983,,18,9.9375,,,-0.5917861233294961,0.06127447605527659,
G1,1,0,0,TJRN,Procedimento Comum Cível,PJe,7,1,08009394120268205162,2026-03-12,2ª VARA,33,Empréstimo consignado,189,-0.4791819952955085,11806,0,-0.28192480517869034,-0.34340639617285945,,21,5.25,,,1.2575455120751777,-0.2773534189918289,
JE,0,1,0,TJRN,Procedimento do Juizado Especial da Fazenda Pública,PJe,14695,1,08245120920268205001,2026-03-18,1º JUIZADO ESPECIAL DA FAZENDA PÚBLICA,19,Gratificação Natalina/13º salário,184,-0.4791819952955085,10310,0,-0.5563995807351343,-0.3483611119554109,,20,9.055555555555555,,,0.641101633606953,-0.0024377353091417937,
G1,1,0,0,TJRN,Procedimento Comum Cível,PJe,7,1,08022147820268205112,2026-07-21,2ª VARA,30,Sistema Único de Saúde (SUS),58,-0.4791819952955085,12511,0,-0.34074082851221404,-0.47321994967570785,,18,1.3793103448275863,,,-0.5917861233294961,-0.5569744302583123,
G1,1,0,0,TJRN,Inventário,PJe,39,2,08012176220268205123,2026-07-22,VARA ÚNICA,16,Inventário e Partilha,57,1.1180913223561864,7687,0,-0.6152156040686579,-0.4742108928322181,,18,2.6,,,-0.5917861233294961,-0.46879105565845924,
JE,0,1,0,TJRN,Cumprimento de Sentença contra a Fazenda Pública,PJe,12078,1,08050069120248205106,2024-03-04,"3º JUIZADO ESPECIAL CÍVEL, CRIMINAL E DA FAZENDA PÚBLICA",65,Progressão Funcional com Interstício de Doze Meses,927,-0.4791819952955085,14201,1,0.34544611037889583,0.38790965333173677,780.0,18,14.203125,49.0,1.4149855483044984,-0.5917861233294961,0.3694258605481426,1.3319258065944701
JE,0,1,0,TJRN,Execução de Título Extrajudicial,PJe,12154,1,08183407620258205004,2025-10-12,4º JUIZADO ESPECIAL CÍVEL,74,Duplicata,340,-0.4791819952955085,4972,0,0.5218941803794669,-0.1937739795398052,,20,4.383561643835616,,,0.641101633606953,-0.33994546096217976,
JE,0,1,0,TJRN,Cumprimento de Sentença contra a Fazenda Pública,PJe,12078,2,08234682320248205001,2024-04-08,6º JUIZADO ESPECIAL DA FAZENDA PÚBLICA,38,Pensão por Morte (Art. 74/9),892,1.1180913223561864,6104,0,-0.18389809962281747,0.3532266428538765,,18,23.62162162162162,,,-0.5917861233294961,1.04982387345225,
JE,0,1,0,TJRN,Cumprimento de Sentença contra a Fazenda Pública,PJe,12078,2,08098162720248205004,2024-06-06,5º JUIZADO ESPECIAL DA FAZENDA PÚBLICA,118,Obrigação de Fazer / Não Fazer,833,1.1180913223561864,10671,1,1.384529189271148,0.29476099661976923,203.0,18,6.965811965811966,16.0,-0.2970649319371231,-0.5917861233294961,-0.15340210287885991,-0.3322398448520728
G1,1,0,0,TJRN,Cumprimento de sentença,PJe,156,1,08011451220248205102,2024-03-26,2ª VARA,48,Adicional de Produtividade,906,-0.4791819952955085,10309,0,0.012155311488928181,0.36709984704502063,,18,18.872340425531913,,,-0.5917861233294961,0.7067328666429366,
JE,0,1,0,TJRN,Cumprimento de Sentença contra a Fazenda Pública,PJe,12078,1,08004545920248205114,2024-04-04,2ª VARA,57,Descontos Indevidos,896,-0.4791819952955085,10296,0,0.1886033814894993,0.3571904154799177,,17,15.678571428571429,,,-1.2082300017977208,0.47601302179868393,
G1,1,0,0,TJRN,Cumprimento de sentença,PJe,156,3,08178844820248205106,2024-08-01,4ª VARA CÍVEL,74,Indenização por Dano Moral,777,2.715364640007881,7779,1,0.5218941803794669,0.23926817985519283,576.0,19,10.383561643835616,28.0,0.8096852052034745,0.02465775513872846,0.09349824469811528,0.2729113011284882
G1,1,0,0,TJRN,Cumprimento de sentença,PJe,156,2,08133196520248205001,2024-02-28,1ª VARA CÍVEL,138,Adjudicação Compulsória,932,1.1180913223561864,10450,1,1.7766360114946393,0.39286436911428824,496.0,18,6.671532846715328,28.0,0.5723125216344456,-0.5917861233294961,-0.17466100819214225,0.2729113011284882
JE,0,1,0,TJRN,Termo Circunstanciado,PJe,278,1,08119488520248205124,2024-07-26,"2º JUIZADO ESPECIAL CÍVEL, CRIMINAL E DA FAZENDA PÚBLICA",78,Ameaça ,783,-0.4791819952955085,3402,0,0.6003155448241652,0.2452138387942546,,19,9.922077922077921,,,0.02465775513872846,0.06016037562135532,
G1,1,0,0,TJRN,Cumprimento de sentença,PJe,156,1,08002108620248205161,2024-02-02,2ª VARA,93,Indenização por Dano Moral,958,-0.4791819952955085,7779,0,0.8943956614917837,0.4186288911835559,,18,10.206521739130435,,,-0.5917861233294961,0.08070877264058877,
G1,1,0,0,TJRN,Procedimento Comum Cível,PJe,7,1,08008480520248205102,2024-03-06,1ª VARA,106,Adjudicação Compulsória,925,-0.4791819952955085,10450,0,1.149265095937053,0.38592776701871623,,18,8.638095238095238,,,-0.5917861233294961,-0.03259532647016234,
G1,1,0,0,TJRN,Cumprimento de Sentença contra a Fazenda Pública,PJe,12078,1,08010871220248205101,2024-03-05,2ª VARA,67,Taxa SELIC,926,-0.4791819952955085,10687,0,0.38465679260124497,0.3869187101752265,,18,13.757575757575758,,,-0.5917861233294961,0.3372391080997258,
G1,1,0,0,TJRN,Procedimento Comum Cível,PJe,7,1,08166193520248205001,2024-03-12,13ª VARA CÍVEL,120,Indenização por Dano Material,919,-0.4791819952955085,10439,0,1.423739871493497,0.37998210807965443,,17,7.579831932773109,,,-1.2082300017977208,-0.10904492124068495,
JE,0,1,0,TJRN,Procedimento do Juizado Especial Cível,PJe,436,1,08044608020268205101,2026-08-06,"JUIZADO ESPECIAL CÍVEL, CRIMINAL E DA FAZENDA PÚBLICA",17,Indenização por Dano Moral,42,-0.4791819952955085,7779,0,-0.5956102629574834,-0.4890750401798725,,21,1.3125,,,1.2575455120751777,-0.5618008508313975,
JE,0,1,0,TJRN,Procedimento do Juizado Especial da Fazenda Pública,PJe,14695,1,08833019820268205001,2026-08-19,6º JUIZADO ESPECIAL DA FAZENDA PÚBLICA,4,Abono de Permanência,29,-0.4791819952955085,10662,0,-0.8504796974027528,-0.5019573012145063,,21,2.6666666666666665,,,1.2575455120751777,-0.463975014484456,
G1,1,0,0,TJRN,Destinação de Bens Apreendidos,PJe,14123,1,08034313220268205121,2026-08-04,1ª VARA,9,Avaliação e Venda em Leilão Público,44,-0.4791819952955085,14959,0,-0.75245299184688,-0.4870931538668519,,21,2.875,,,1.2575455120751777,-0.4489248858156957,
G1,1,0,0,TJRN,Ação Penal - Procedimento Ordinário,PJe,283,2,08217924520218205001,2021-04-30,11ª VARA CRIMINAL,167,Extorsão ,1967,1.1180913223561864,3420,1,2.3451909037187018,1.4184905361024414,1543.0,17,11.740963855421686,12.0,3.6789275178441128,-1.2082300017977208,0.19155781880833964,-0.5339568935122598
G1,1,0,0,TJRN,Cumprimento de sentença,PJe,156,1,08199096320218205001,2021-04-20,4ª VARA CÍVEL,293,Abatimento proporcional do preço ,1976,-0.4791819952955085,7769,1,4.815463883726697,1.427409024511034,48.0,17,6.708904109589041,2.0,-0.7569745063521167,-1.2082300017977208,-0.1719612850812777,-1.0382495151627273
JE,0,1,0,TJRN,Termo Circunstanciado,PJe,278,1,08021955220258205130,2025-10-09,VARA ÚNICA,17,Crimes de Trânsito,344,-0.4791819952955085,3632,0,-0.5956102629574834,-0.18981020691376405,,22,20.125,,,1.8739893905434022,0.7972257679576525,
G1,1,0,0,TJRN,Inquérito Policial,PJe,279,1,08827185020258205001,2025-09-25,GABINETE 2 - 1º NÚCLEO REGIONAL DAS GARANTIAS,22,Furto Qualificado ,357,-0.4791819952955085,3417,0,-0.49758355740161053,-0.17692794587913022,,20,16.0,,,0.641101633606953,0.4992332203161997,
G1,1,0,0,TJRN,Inquérito Policial,PJe,279,1,08006798120258205102,2025-02-18,2ª VARA,17,Roubo Majorado,576,-0.4791819952955085,5566,0,-0.5956102629574834,0.04008860539662394,,20,34.75,,,0.641101633606953,1.8537448005046215,
G1,1,0,0,TJRN,Procedimento Comum Cível,PJe,7,1,08052839120258205100,2025-10-15,3ª VARA,64,Tarifas,337,-0.4791819952955085,11807,0,0.32584076926772126,-0.19674680900933608,,21,5.015873015873016,,,1.2575455120751777,-0.29426689692434044,
JE,0,1,0,TJRN,Procedimento do Juizado Especial Cível,PJe,436,1,08675954620248205001,2024-10-04,2º JUIZADO CRIMINAL E DE TRÂNSITO,63,Acidente de Trânsito,713,-0.4791819952955085,10441,0,0.3062354281565467,0.1758478178385341,,20,11.17741935483871,,,0.641101633606953,0.1508470160354787,
JE,0,1,0,TJRN,Procedimento do Juizado Especial Cível,PJe,436,1,08044425920268205004,2026-03-18,9º JUIZADO ESPECIAL CÍVEL,31,"Defeito, nulidade ou anulação",183,-0.4791819952955085,4703,0,-0.3211354874010395,-0.3493520551119212,,17,5.533333333333333,,,-1.2082300017977208,-0.256885244002315,
G1,1,0,0,TJRN,Procedimento Comum Cível,PJe,7,1,08934907220258205001,2025-10-30,14ª VARA CÍVEL,94,Abatimento proporcional do preço ,323,-0.4791819952955085,7769,0,0.9140010026029582,-0.21062001320048018,,21,3.236559139784946,,,1.2575455120751777,-0.42280563025507306,
G1,1,0,0,TJRN,Arrolamento Comum,PJe,30,1,08006557620248205138,2024-09-18,VARA ÚNICA,198,Inventário e Partilha,729,-0.4791819952955085,7687,0,2.952956478165113,0.19170290834269876,,20,3.598984771573604,,,0.641101633606953,-0.39662377877694815,
JE,0,1,0,TJRN,Procedimento do Juizado Especial da Fazenda Pública,PJe,14695,1,08208798720268205001,2026-03-09,6º JUIZADO ESPECIAL DA FAZENDA PÚBLICA,21,Plano de Classificação de Cargos,192,-0.4791819952955085,10299,0,-0.5171888985127852,-0.3404335667033286,,17,8.7,,,-1.2082300017977208,-0.028123288237159313,
G1,1,0,0,TJRN,Monitória,PJe,40,1,08285783220268205001,2026-03-27,12ª VARA CÍVEL,37,Adimplemento e Extinção,174,-0.4791819952955085,7690,0,-0.20350344073399204,-0.35827054352051385,,21,4.25,,,1.2575455120751777,-0.3495940366018781,
G1,1,0,0,TJRN,Execução de Título Extrajudicial,PJe,12154,1,08000012520258205148,2025-01-02,VARA ÚNICA,28,Cédula de Crédito Bancário,623,-0.4791819952955085,4960,1,-0.3799515107345631,0.08666293375260771,419.0,20,22.333333333333332,20.0,0.3438413136992552,0.641101633606953,0.956757131846511,-0.13052279619188578
JE,0,1,0,TJRN,Procedimento do Juizado Especial da Fazenda Pública,PJe,14695,1,08964344720258205001,2025-11-10,2º JUIZADO ESPECIAL DA FAZENDA PÚBLICA,35,Indenização / Terço Constitucional,311,-0.4791819952955085,10884,0,-0.24271412295634118,-0.2225113310786037,,18,8.617647058823529,,,-0.5917861233294961,-0.03407251556975158,
JE,0,1,0,TJRN,Cumprimento de Sentença contra a Fazenda Pública,PJe,12078,1,08882804020258205001,2025-10-14,6º JUIZADO ESPECIAL DA FAZENDA PÚBLICA,26,Gratificações Municipais Específicas,338,-0.4791819952955085,10706,1,-0.41916219295691226,-0.19575586585282578,132.0,22,12.64,11.0,-0.5077331886046362,1.8739893905434022,0.2565047451464345,-0.5843861556773066
G1,1,0,0,TJRN,Procedimento Comum Cível,PJe,7,1,08008819520258205122,2025-10-28,VARA ÚNICA,35,Empréstimo consignado,325,-0.4791819952955085,11806,0,-0.24271412295634118,-0.2086381268874596,,17,9.029411764705882,,,-1.2082300017977208,-0.004326378906790131,
